序号,系统时间,时间标识,CAN通道,传输方向,ID号,帧类型,帧格式,长度,Data
1325,13:36:11.593,0x8D036B5,ch1,接收,0x0100,数据帧,标准帧,0x08,x| 4F 70 65 6E 20 43 61 6D 
1326,13:36:11.593,0x8D036B7,ch1,接收,0x0100,数据帧,标准帧,0x08,x| 65 72 61 20 73 75 63 63 
1327,13:36:11.593,0x8D036B9,ch1,接收,0x0100,数据帧,标准帧,0x08,x| 65 73 73 21 21 0A 43 68 
1328,13:36:11.593,0x8D036BA,ch1,接收,0x0100,数据帧,标准帧,0x08,x| 75 6E 6B 49 44 3A 30 0A 
1329,13:36:11.593,0x8D036BC,ch1,接收,0x0100,数据帧,标准帧,0x08,x| 69 56 42 4F 52 77 30 4B 
1330,13:36:11.593,0x8D036BE,ch1,接收,0x0100,数据帧,标准帧,0x08,x| 47 67 6F 41 41 41 41 4E 
1331,13:36:11.593,0x8D036C0,ch1,接收,0x0100,数据帧,标准帧,0x08,x| 53 55 68 45 55 67 41 41 
1332,13:36:11.593,0x8D036C2,ch1,接收,0x0100,数据帧,标准帧,0x08,x| 42 34 41 41 41 41 51 34 
1333,13:36:11.593,0x8D036C3,ch1,接收,0x0100,数据帧,标准帧,0x08,x| 43 41 59 41 41 41 44 6F 
1334,13:36:11.593,0x8D036C5,ch1,接收,0x0100,数据帧,标准帧,0x08,x| 30 38 46 44 41 41 41 41 
1335,13:36:11.593,0x8D036C7,ch1,接收,0x0100,数据帧,标准帧,0x08,x| 42 48 4E 43 53 56 51 49 
1336,13:36:11.593,0x8D036C9,ch1,接收,0x0100,数据帧,标准帧,0x08,x| 43 41 67 49 66 41 68 6B 
1337,13:36:11.593,0x8D036CA,ch1,接收,0x0100,数据帧,标准帧,0x08,x| 69 41 41 41 49 41 42 4A 
1338,13:36:11.593,0x8D036CD,ch1,接收,0x0100,数据帧,标准帧,0x08,x| 52 45 46 55 0A 65 4A 79 
1339,13:36:11.593,0x8D036CF,ch1,接收,0x0100,数据帧,标准帧,0x04,x| 63 6E 66 75 
1340,13:36:11.623,0x8D03786,ch1,接收,0x0100,数据帧,标准帧,0x08,x| 6F 70 69 4F 2F 78 65 47 
1341,13:36:11.623,0x8D03788,ch1,接收,0x0100,数据帧,标准帧,0x08,x| 78 76 62 32 2B 64 62 2B 
1342,13:36:11.623,0x8D0378A,ch1,接收,0x0100,数据帧,标准帧,0x08,x| 70 58 73 46 31 64 58 66 
1343,13:36:11.623,0x8D0378B,ch1,接收,0x0100,数据帧,标准帧,0x08,x| 56 32 0A 30 6B 48 68 4B 
1344,13:36:11.623,0x8D0378D,ch1,接收,0x0100,数据帧,标准帧,0x08,x| 44 6C 69 32 35 65 58 6C 
1345,13:36:11.623,0x8D0378F,ch1,接收,0x0100,数据帧,标准帧,0x08,x| 2F 62 32 39 74 62 65 33 
1346,13:36:11.623,0x8D03791,ch1,接收,0x0100,数据帧,标准帧,0x08,x| 74 35 36 2F 34 4A 62 4E 
1347,13:36:11.623,0x8D03792,ch1,接收,0x0100,数据帧,标准帧,0x08,x| 6D 65 31 57 6E 55 5A 4F 
1348,13:36:11.623,0x8D03794,ch1,接收,0x0100,数据帧,标准帧,0x08,x| 68 77 4F 37 66 33 39 76 
1349,13:36:11.623,0x8D03796,ch1,接收,0x0100,数据帧,标准帧,0x08,x| 65 76 77 50 4D 39 74 76 
1350,13:36:11.623,0x8D03797,ch1,接收,0x0100,数据帧,标准帧,0x08,x| 39 39 33 57 73 6B 2F 36 
1351,13:36:11.623,0x8D03799,ch1,接收,0x0100,数据帧,标准帧,0x08,x| 70 37 47 65 58 39 2F 62 
1352,13:36:11.623,0x8D0379B,ch1,接收,0x0100,数据帧,标准帧,0x08,x| 39 66 58 31 78 31 2F 0A 
1353,13:36:11.623,0x8D0379E,ch1,接收,0x0100,数据帧,标准帧,0x08,x| 77 66 66 2B 2F 74 35 6A 
1354,13:36:11.623,0x8D037A0,ch1,接收,0x0100,数据帧,标准帧,0x08,x| 6B 75 50 78 32 50 6D 69 
1355,13:36:11.623,0x8D037A3,ch1,接收,0x0100,数据帧,标准帧,0x08,x| 62 39 4B 49 76 6C 6C 74 
1356,13:36:11.623,0x8D037A6,ch1,接收,0x0100,数据帧,标准帧,0x08,x| 55 6C 46 64 33 56 64 2F 
1357,13:36:11.623,0x8D037A9,ch1,接收,0x0100,数据帧,标准帧,0x08,x| 77 6C 63 34 61 54 7A 4B 
1358,13:36:11.623,0x8D037AC,ch1,接收,0x0100,数据帧,标准帧,0x08,x| 4C 6D 6B 73 4F 72 42 66 
1359,13:36:11.623,0x8D037AE,ch1,接收,0x0100,数据帧,标准帧,0x08,x| 58 5A 4D 63 69 76 65 62 
1360,13:36:11.623,0x8D037B1,ch1,接收,0x0100,数据帧,标准帧,0x08,x| 7A 65 61 4D 5A 36 70 50 
1361,13:36:11.623,0x8D037B4,ch1,接收,0x0100,数据帧,标准帧,0x08,x| 2F 6C 58 78 57 75 55 50 
1362,13:36:11.623,0x8D037B7,ch1,接收,0x0100,数据帧,标准帧,0x08,x| 6B 2B 39 33 0A 4F 35 4E 
1363,13:36:11.623,0x8D037BA,ch1,接收,0x0100,数据帧,标准帧,0x08,x| 30 31 2B 32 51 30 38 72 
1364,13:36:11.623,0x8D037BD,ch1,接收,0x0100,数据帧,标准帧,0x08,x| 62 65 72 7A 39 2F 76 34 
1365,13:36:11.623,0x8D037BF,ch1,接收,0x0100,数据帧,标准帧,0x08,x| 2B 39 4E 76 36 70 67 32 
1366,13:36:11.623,0x8D037C2,ch1,接收,0x0100,数据帧,标准帧,0x08,x| 74 37 4B 66 62 4E 4E 63 
1367,13:36:11.623,0x8D037C5,ch1,接收,0x0100,数据帧,标准帧,0x08,x| 44 79 5A 4C 36 35 55 66 
1368,13:36:11.623,0x8D037C7,ch1,接收,0x0100,数据帧,标准帧,0x08,x| 38 6B 49 36 4A 54 2F 51 
1369,13:36:11.623,0x8D037CA,ch1,接收,0x0100,数据帧,标准帧,0x08,x| 74 74 41 76 69 6A 61 35 
1370,13:36:11.623,0x8D037CD,ch1,接收,0x0100,数据帧,标准帧,0x08,x| 64 58 56 32 64 6A 58 30 
1371,13:36:11.623,0x8D037D0,ch1,接收,0x0100,数据帧,标准帧,0x08,x| 38 48 72 76 65 79 73 35 
1372,13:36:11.623,0x8D037D3,ch1,接收,0x0100,数据帧,标准帧,0x08,x| 49 0A 58 2B 68 6A 31 4E 
1373,13:36:11.623,0x8D037D5,ch1,接收,0x0100,数据帧,标准帧,0x08,x| 2F 72 36 32 75 4D 4E 31 
1374,13:36:11.623,0x8D037D9,ch1,接收,0x0100,数据帧,标准帧,0x08,x| 77 76 70 66 76 79 70 64 
1375,13:36:11.623,0x8D037DB,ch1,接收,0x0100,数据帧,标准帧,0x08,x| 52 52 6C 39 56 4B 5A 75 
1376,13:36:11.623,0x8D037DE,ch1,接收,0x0100,数据帧,标准帧,0x08,x| 55 6E 50 33 33 36 31 48 
1377,13:36:11.623,0x8D037E1,ch1,接收,0x0100,数据帧,标准帧,0x08,x| 61 37 58 64 74 73 4E 75 
1378,13:36:11.623,0x8D037E3,ch1,接收,0x0100,数据帧,标准帧,0x08,x| 33 75 37 71 37 37 64 2B 
1379,13:36:11.623,0x8D037E6,ch1,接收,0x0100,数据帧,标准帧,0x08,x| 6B 69 61 53 58 2F 4C 64 
1380,13:36:11.623,0x8D037E9,ch1,接收,0x0100,数据帧,标准帧,0x08,x| 39 39 50 42 37 62 31 36 
1381,13:36:11.623,0x8D037EC,ch1,接收,0x0100,数据帧,标准帧,0x08,x| 39 66 4F 31 37 36 0A 6B 
1382,13:36:11.623,0x8D037EF,ch1,接收,0x0100,数据帧,标准帧,0x08,x| 45 64 71 4C 7A 38 72 33 
1383,13:36:11.623,0x8D037F1,ch1,接收,0x0100,数据帧,标准帧,0x08,x| 52 42 74 33 74 37 65 32 
1384,13:36:11.623,0x8D037F5,ch1,接收,0x0100,数据帧,标准帧,0x08,x| 76 76 37 65 2F 66 42 74 
1385,13:36:11.623,0x8D037F7,ch1,接收,0x0100,数据帧,标准帧,0x08,x| 43 66 69 46 2B 33 58 32 
1386,13:36:11.623,0x8D037FA,ch1,接收,0x0100,数据帧,标准帧,0x08,x| 39 76 62 6D 63 7A 51 64 
1387,13:36:11.623,0x8D037FD,ch1,接收,0x0100,数据帧,标准帧,0x08,x| 6C 4E 50 71 4E 4E 76 62 
1388,13:36:11.623,0x8D037FF,ch1,接收,0x0100,数据帧,标准帧,0x08,x| 32 2F 64 42 6F 73 6D 56 
1389,13:36:11.623,0x8D03802,ch1,接收,0x0100,数据帧,标准帧,0x08,x| 53 77 6C 4F 42 58 6A 4B 
1390,13:36:11.623,0x8D03805,ch1,接收,0x0100,数据帧,标准帧,0x08,x| 50 59 52 6A 76 4D 38 74 
1391,13:36:11.623,0x8D03808,ch1,接收,0x0100,数据帧,标准帧,0x08,x| 35 75 62 0A 6D 2F 62 32 
1392,13:36:11.623,0x8D0380B,ch1,接收,0x0100,数据帧,标准帧,0x08,x| 39 74 5A 31 2F 75 58 6C 
1393,13:36:11.623,0x8D0380D,ch1,接收,0x0100,数据帧,标准帧,0x08,x| 70 66 2F 57 35 2F 58 31 
1394,13:36:11.623,0x8D03810,ch1,接收,0x0100,数据帧,标准帧,0x08,x| 39 65 7A 2F 39 66 58 31 
1395,13:36:11.623,0x8D03813,ch1,接收,0x0100,数据帧,标准帧,0x08,x| 6D 57 38 69 66 38 6C 62 
1396,13:36:11.623,0x8D03816,ch1,接收,0x0100,数据帧,标准帧,0x08,x| 34 55 44 66 70 47 2F 36 
1397,13:36:11.623,0x8D03818,ch1,接收,0x0100,数据帧,标准帧,0x08,x| 4D 4E 4A 57 2F 5A 41 4F 
1398,13:36:11.623,0x8D0381C,ch1,接收,0x0100,数据帧,标准帧,0x08,x| 2B 6C 5A 35 65 33 76 72 
1399,13:36:11.623,0x8D0381E,ch1,接收,0x0100,数据帧,标准帧,0x08,x| 38 43 64 37 49 4A 6E 6B 
1400,13:36:11.623,0x8D03821,ch1,接收,0x0100,数据帧,标准帧,0x08,x| 2F 4B 75 31 39 75 47 33 
1401,13:36:11.623,0x8D03824,ch1,接收,0x0100,数据帧,标准帧,0x08,x| 0A 34 4E 6C 75 74 35 33 
1402,13:36:11.623,0x8D03827,ch1,接收,0x0100,数据帧,标准帧,0x08,x| 57 75 71 2F 59 53 54 62 
1403,13:36:11.623,0x8D03829,ch1,接收,0x0100,数据帧,标准帧,0x08,x| 5A 39 59 72 38 54 44 62 
1404,13:36:11.623,0x8D0382C,ch1,接收,0x0100,数据帧,标准帧,0x08,x| 44 2F 61 7A 37 4A 66 56 
1405,13:36:11.623,0x8D0382F,ch1,接收,0x0100,数据帧,标准帧,0x08,x| 44 75 74 45 2B 45 77 2F 
1406,13:36:11.623,0x8D03832,ch1,接收,0x0100,数据帧,标准帧,0x08,x| 53 51 50 4A 44 65 71 6B 
1407,13:36:11.623,0x8D03834,ch1,接收,0x0100,数据帧,标准帧,0x08,x| 76 74 30 66 2B 58 32 4D 
1408,13:36:11.623,0x8D03837,ch1,接收,0x0100,数据帧,标准帧,0x08,x| 6B 4F 58 46 2F 34 66 59 
1409,13:36:11.623,0x8D0383A,ch1,接收,0x0100,数据帧,标准帧,0x08,x| 7A 66 54 74 64 33 4E 5A 
1410,13:36:11.623,0x8D0383D,ch1,接收,0x0100,数据帧,标准帧,0x08,x| 56 5A 53 6D 47 0A 35 50 
1411,13:36:11.623,0x8D03840,ch1,接收,0x0100,数据帧,标准帧,0x08,x| 30 4B 42 2B 63 37 2B 36 
1412,13:36:11.623,0x8D03843,ch1,接收,0x0100,数据帧,标准帧,0x08,x| 48 4F 2B 62 67 65 59 37 
1413,13:36:11.623,0x8D03845,ch1,接收,0x0100,数据帧,标准帧,0x08,x| 4A 65 38 68 6E 65 4A 74 
1414,13:36:11.623,0x8D03848,ch1,接收,0x0100,数据帧,标准帧,0x08,x| 46 35 46 4B 4F 6D 76 70 
1415,13:36:11.623,0x8D0384B,ch1,接收,0x0100,数据帧,标准帧,0x08,x| 78 2F 56 66 31 30 2F 52 
1416,13:36:11.623,0x8D0384E,ch1,接收,0x0100,数据帧,标准帧,0x08,x| 4A 63 4B 37 70 57 75 4C 
1417,13:36:11.623,0x8D03850,ch1,接收,0x0100,数据帧,标准帧,0x08,x| 75 65 2B 4C 6A 65 5A 37 
1418,13:36:11.623,0x8D03853,ch1,接收,0x0100,数据帧,标准帧,0x08,x| 72 50 73 5A 5A 6F 77 72 
1419,13:36:11.623,0x8D03856,ch1,接收,0x0100,数据帧,标准帧,0x08,x| 48 5A 5A 67 52 76 36 6D 
1420,13:36:11.623,0x8D03859,ch1,接收,0x0100,数据帧,标准帧,0x08,x| 4E 70 0A 62 70 44 71 56 
1421,13:36:11.623,0x8D0385C,ch1,接收,0x0100,数据帧,标准帧,0x08,x| 50 53 39 70 4C 39 4C 5A 
1422,13:36:11.623,0x8D0385F,ch1,接收,0x0100,数据帧,标准帧,0x08,x| 50 76 66 4C 53 50 5A 54 
1423,13:36:11.623,0x8D03861,ch1,接收,0x0100,数据帧,标准帧,0x08,x| 48 48 45 6B 6F 7A 2B 75 
1424,13:36:11.623,0x8D03864,ch1,接收,0x0100,数据帧,标准帧,0x08,x| 37 41 7A 39 70 44 4E 6F 
1425,13:36:11.623,0x8D03867,ch1,接收,0x0100,数据帧,标准帧,0x08,x| 58 31 4A 66 61 58 31 74 
1426,13:36:11.623,0x8D0386A,ch1,接收,0x0100,数据帧,标准帧,0x08,x| 55 76 47 54 4C 78 57 54 
1427,13:36:11.623,0x8D0386C,ch1,接收,0x0100,数据帧,标准帧,0x08,x| 4B 43 34 68 59 55 30 55 
1428,13:36:11.653,0x8D0386F,ch1,接收,0x0100,数据帧,标准帧,0x08,x| 44 76 56 30 37 32 62 6D 
1429,13:36:11.653,0x8D03872,ch1,接收,0x0100,数据帧,标准帧,0x08,x| 35 74 65 6E 37 61 57 0A 
1430,13:36:11.653,0x8D03875,ch1,接收,0x0100,数据帧,标准帧,0x08,x| 50 73 2F 58 71 65 54 58 
1431,13:36:11.653,0x8D03878,ch1,接收,0x0100,数据帧,标准帧,0x08,x| 46 4F 50 75 64 72 74 32 
1432,13:36:11.653,0x8D0387A,ch1,接收,0x0100,数据帧,标准帧,0x08,x| 50 42 37 62 66 72 2F 76 
1433,13:36:11.653,0x8D0387D,ch1,接收,0x0100,数据帧,标准帧,0x08,x| 76 6B 48 78 6B 50 6A 78 
1434,13:36:11.653,0x8D03880,ch1,接收,0x0100,数据帧,标准帧,0x08,x| 2F 76 37 65 66 51 7A 6E 
1435,13:36:11.653,0x8D03883,ch1,接收,0x0100,数据帧,标准帧,0x08,x| 4A 66 4C 58 78 2B 4F 78 
1436,13:36:11.653,0x8D03886,ch1,接收,0x0100,数据帧,标准帧,0x08,x| 7A 39 55 45 6B 2B 5A 4D 
1437,13:36:11.653,0x8D03888,ch1,接收,0x0100,数据帧,标准帧,0x08,x| 72 6D 76 7A 50 48 66 66 
1438,13:36:11.653,0x8D0388B,ch1,接收,0x0100,数据帧,标准帧,0x08,x| 6F 2B 75 61 39 39 42 66 
1439,13:36:11.653,0x8D0388E,ch1,接收,0x0100,数据帧,标准帧,0x08,x| 4D 61 62 57 0A 66 45 66 
1440,13:36:11.653,0x8D03891,ch1,接收,0x0100,数据帧,标准帧,0x08,x| 39 4D 76 36 65 35 37 6C 
1441,13:36:11.653,0x8D03893,ch1,接收,0x0100,数据帧,标准帧,0x08,x| 74 74 39 73 32 7A 33 4F 
1442,13:36:11.653,0x8D03896,ch1,接收,0x0100,数据帧,标准帧,0x08,x| 37 76 37 38 2F 6D 36 76 
1443,13:36:11.653,0x8D03899,ch1,接收,0x0100,数据帧,标准帧,0x08,x| 4A 6C 79 65 36 56 2F 72 
1444,13:36:11.653,0x8D0389C,ch1,接收,0x0100,数据帧,标准帧,0x08,x| 69 74 70 37 31 66 59 30 
1445,13:36:11.653,0x8D0389E,ch1,接收,0x0100,数据帧,标准帧,0x08,x| 35 2B 55 4C 36 72 6A 51 
1446,13:36:11.653,0x8D038A2,ch1,接收,0x0100,数据帧,标准帧,0x08,x| 66 4A 72 2F 63 2F 71 70 
1447,13:36:11.653,0x8D038A4,ch1,接收,0x0100,数据帧,标准帧,0x08,x| 50 39 65 58 58 76 41 67 
1448,13:36:11.653,0x8D038A7,ch1,接收,0x0100,数据帧,标准帧,0x08,x| 57 7A 59 38 49 6A 38 61 
1449,13:36:11.653,0x8D038AA,ch1,接收,0x0100,数据帧,标准帧,0x08,x| 76 0A 62 47 57 36 35 6E 
1450,13:36:11.653,0x8D038AD,ch1,接收,0x0100,数据帧,标准帧,0x08,x| 59 2B 2B 61 4E 52 47 66 
1451,13:36:11.653,0x8D038AF,ch1,接收,0x0100,数据帧,标准帧,0x08,x| 6D 76 53 75 63 35 64 71 
1452,13:36:11.653,0x8D038B2,ch1,接收,0x0100,数据帧,标准帧,0x08,x| 4A 44 64 57 2B 6B 66 30 
1453,13:36:11.653,0x8D038B5,ch1,接收,0x0100,数据帧,标准帧,0x08,x| 34 48 38 6B 79 46 63 55 
1454,13:36:11.653,0x8D038B8,ch1,接收,0x0100,数据帧,标准帧,0x08,x| 64 72 72 63 74 62 31 54 
1455,13:36:11.653,0x8D038BA,ch1,接收,0x0100,数据帧,标准帧,0x07,x| 62 52 78 73 65 76 36 
1456,13:36:11.653,0x8D03974,ch1,接收,0x0100,数据帧,标准帧,0x08,x| 6A 33 66 4A 36 76 4F 38 
1457,13:36:11.653,0x8D03976,ch1,接收,0x0100,数据帧,标准帧,0x08,x| 77 56 33 59 6E 2B 54 58 
1458,13:36:11.653,0x8D03978,ch1,接收,0x0100,数据帧,标准帧,0x08,x| 68 6E 65 68 49 2B 42 49 
1459,13:36:11.653,0x8D03979,ch1,接收,0x0100,数据帧,标准帧,0x08,x| 64 56 48 78 6E 62 39 4B 
1460,13:36:11.653,0x8D0397B,ch1,接收,0x0100,数据帧,标准帧,0x08,x| 35 5A 48 74 47 31 78 33 
1461,13:36:11.653,0x8D0397D,ch1,接收,0x0100,数据帧,标准帧,0x08,x| 32 4B 6B 6D 79 35 44 65 
1462,13:36:11.653,0x8D0397F,ch1,接收,0x0100,数据帧,标准帧,0x08,x| 58 37 47 77 31 78 2F 47 
1463,13:36:11.653,0x8D03980,ch1,接收,0x0100,数据帧,标准帧,0x08,x| 32 0A 50 73 36 6F 62 71 
1464,13:36:11.653,0x8D03982,ch1,接收,0x0100,数据帧,标准帧,0x08,x| 55 54 72 4D 76 35 76 44 
1465,13:36:11.653,0x8D03984,ch1,接收,0x0100,数据帧,标准帧,0x08,x| 38 4D 77 48 6D 55 72 30 
1466,13:36:11.653,0x8D03986,ch1,接收,0x0100,数据帧,标准帧,0x08,x| 50 35 6D 4F 36 37 33 41 
1467,13:36:11.653,0x8D03987,ch1,接收,0x0100,数据帧,标准帧,0x08,x| 35 71 4C 4E 5A 50 63 56 
1468,13:36:11.653,0x8D03989,ch1,接收,0x0100,数据帧,标准帧,0x08,x| 6A 79 77 7A 35 4F 46 53 
1469,13:36:11.653,0x8D0398C,ch1,接收,0x0100,数据帧,标准帧,0x08,x| 75 78 4A 42 32 74 32 6A 
1470,13:36:11.684,0x8D0398E,ch1,接收,0x0100,数据帧,标准帧,0x08,x| 70 64 58 52 38 54 33 5A 
1471,13:36:11.684,0x8D03992,ch1,接收,0x0100,数据帧,标准帧,0x08,x| 31 4F 6C 38 43 52 62 4B 
1472,13:36:11.684,0x8D03994,ch1,接收,0x0100,数据帧,标准帧,0x08,x| 4F 50 78 57 2F 43 0A 6D 
1473,13:36:11.684,0x8D03997,ch1,接收,0x0100,数据帧,标准帧,0x08,x| 66 77 4B 2B 63 6B 48 7A 
1474,13:36:11.684,0x8D0399A,ch1,接收,0x0100,数据帧,标准帧,0x08,x| 62 33 49 66 69 76 75 70 
1475,13:36:11.684,0x8D0399D,ch1,接收,0x0100,数据帧,标准帧,0x08,x| 35 34 36 66 52 7A 32 4A 
1476,13:36:11.684,0x8D0399F,ch1,接收,0x0100,数据帧,标准帧,0x08,x| 47 75 63 6A 36 68 4F 2B 
1477,13:36:11.684,0x8D039A2,ch1,接收,0x0100,数据帧,标准帧,0x08,x| 6C 2F 52 78 47 55 79 36 
1478,13:36:11.684,0x8D039A5,ch1,接收,0x0100,数据帧,标准帧,0x08,x| 62 6E 62 6F 70 46 66 6C 
1479,13:36:11.684,0x8D039A8,ch1,接收,0x0100,数据帧,标准帧,0x08,x| 36 38 54 58 4D 35 54 2B 
1480,13:36:11.684,0x8D039AA,ch1,接收,0x0100,数据帧,标准帧,0x08,x| 5A 30 71 54 79 4C 61 65 
1481,13:36:11.684,0x8D039AD,ch1,接收,0x0100,数据帧,标准帧,0x08,x| 61 78 42 75 74 4E 50 56 
1482,13:36:11.684,0x8D039B0,ch1,接收,0x0100,数据帧,标准帧,0x08,x| 54 72 47 0A 65 68 7A 66 
1483,13:36:11.684,0x8D039B3,ch1,接收,0x0100,数据帧,标准帧,0x08,x| 35 78 67 38 6C 55 68 74 
1484,13:36:11.684,0x8D039B6,ch1,接收,0x0100,数据帧,标准帧,0x08,x| 55 6B 7A 68 39 45 68 32 
1485,13:36:11.684,0x8D039B9,ch1,接收,0x0100,数据帧,标准帧,0x08,x| 7A 57 6D 55 62 47 2B 79 
1486,13:36:11.684,0x8D039BB,ch1,接收,0x0100,数据帧,标准帧,0x08,x| 4B 38 6D 4F 79 78 38 6E 
1487,13:36:11.684,0x8D039BE,ch1,接收,0x0100,数据帧,标准帧,0x08,x| 4F 69 54 61 70 2F 68 6E 
1488,13:36:11.684,0x8D039C1,ch1,接收,0x0100,数据帧,标准帧,0x08,x| 6D 71 5A 32 6C 52 79 54 
1489,13:36:11.684,0x8D039C4,ch1,接收,0x0100,数据帧,标准帧,0x08,x| 4C 33 78 34 78 34 6B 59 
1490,13:36:11.684,0x8D039C6,ch1,接收,0x0100,数据帧,标准帧,0x08,x| 36 74 43 4E 51 33 4B 67 
1491,13:36:11.684,0x8D039C9,ch1,接收,0x0100,数据帧,标准帧,0x08,x| 66 69 78 47 4D 72 67 2B 
1492,13:36:11.684,0x8D039CC,ch1,接收,0x0100,数据帧,标准帧,0x08,x| 0A 76 68 42 4E 6A 69 6F 
1493,13:36:11.684,0x8D039CF,ch1,接收,0x0100,数据帧,标准帧,0x08,x| 35 35 73 54 73 69 76 43 
1494,13:36:11.684,0x8D039D2,ch1,接收,0x0100,数据帧,标准帧,0x08,x| 65 34 4F 54 2F 5A 41 6A 
1495,13:36:11.684,0x8D039D4,ch1,接收,0x0100,数据帧,标准帧,0x08,x| 54 47 43 4E 63 2F 4C 6F 
1496,13:36:11.684,0x8D039D7,ch1,接收,0x0100,数据帧,标准帧,0x08,x| 72 55 31 57 53 51 4C 62 
1497,13:36:11.684,0x8D039DA,ch1,接收,0x0100,数据帧,标准帧,0x08,x| 57 7A 68 51 6F 30 61 77 
1498,13:36:11.684,0x8D039DD,ch1,接收,0x0100,数据帧,标准帧,0x08,x| 53 4F 42 55 61 6E 71 6F 
1499,13:36:11.684,0x8D039DF,ch1,接收,0x0100,数据帧,标准帧,0x08,x| 50 70 31 57 69 58 59 56 
1500,13:36:11.684,0x8D039E3,ch1,接收,0x0100,数据帧,标准帧,0x08,x| 72 5A 51 44 38 66 6A 56 
1501,13:36:11.684,0x8D039E5,ch1,接收,0x0100,数据帧,标准帧,0x08,x| 32 75 74 35 61 0A 7A 64 
1502,13:36:11.684,0x8D039E8,ch1,接收,0x0100,数据帧,标准帧,0x08,x| 74 55 56 79 55 5A 4A 79 
1503,13:36:11.684,0x8D039EB,ch1,接收,0x0100,数据帧,标准帧,0x08,x| 71 33 6A 2B 6D 2F 35 2F 
1504,13:36:11.684,0x8D039EE,ch1,接收,0x0100,数据帧,标准帧,0x08,x| 6D 30 45 4F 46 39 75 75 
1505,13:36:11.684,0x8D039F0,ch1,接收,0x0100,数据帧,标准帧,0x08,x| 46 50 73 4B 65 46 59 39 
1506,13:36:11.684,0x8D039F3,ch1,接收,0x0100,数据帧,标准帧,0x08,x| 5A 4E 63 6A 75 43 33 36 
1507,13:36:11.684,0x8D039F6,ch1,接收,0x0100,数据帧,标准帧,0x08,x| 39 58 2F 61 59 36 50 75 
1508,13:36:11.684,0x8D039F9,ch1,接收,0x0100,数据帧,标准帧,0x08,x| 61 49 6A 72 78 66 74 52 
1509,13:36:11.684,0x8D039FB,ch1,接收,0x0100,数据帧,标准帧,0x08,x| 6B 5A 32 43 56 6E 76 54 
1510,13:36:11.684,0x8D039FE,ch1,接收,0x0100,数据帧,标准帧,0x08,x| 53 32 37 6C 55 54 37 4D 
1511,13:36:11.684,0x8D03A01,ch1,接收,0x0100,数据帧,标准帧,0x08,x| 70 6D 0A 6A 47 42 4D 73 
1512,13:36:11.684,0x8D03A04,ch1,接收,0x0100,数据帧,标准帧,0x08,x| 4C 49 4E 46 77 45 39 43 
1513,13:36:11.684,0x8D03A07,ch1,接收,0x0100,数据帧,标准帧,0x08,x| 45 6E 6A 65 48 73 36 6B 
1514,13:36:11.684,0x8D03A09,ch1,接收,0x0100,数据帧,标准帧,0x08,x| 57 70 43 6F 6F 55 34 37 
1515,13:36:11.684,0x8D03A0C,ch1,接收,0x0100,数据帧,标准帧,0x08,x| 64 72 39 38 75 56 4C 33 
1516,13:36:11.684,0x8D03A0F,ch1,接收,0x0100,数据帧,标准帧,0x08,x| 36 6C 32 65 33 76 62 50 
1517,13:36:11.684,0x8D03A12,ch1,接收,0x0100,数据帧,标准帧,0x08,x| 6E 33 36 31 4A 4E 54 73 
1518,13:36:11.684,0x8D03A15,ch1,接收,0x0100,数据帧,标准帧,0x08,x| 70 58 65 66 70 37 6E 76 
1519,13:36:11.684,0x8D03A17,ch1,接收,0x0100,数据帧,标准帧,0x08,x| 6D 4E 49 69 37 45 4B 47 
1520,13:36:11.684,0x8D03A1A,ch1,接收,0x0100,数据帧,标准帧,0x08,x| 4F 37 76 37 39 75 58 0A 
1521,13:36:11.684,0x8D03A1D,ch1,接收,0x0100,数据帧,标准帧,0x08,x| 4C 31 2F 61 7A 7A 2F 2F 
1522,13:36:11.684,0x8D03A20,ch1,接收,0x0100,数据帧,标准帧,0x08,x| 2F 49 45 58 6C 4D 55 55 
1523,13:36:11.684,0x8D03A22,ch1,接收,0x0100,数据帧,标准帧,0x08,x| 49 47 67 79 71 66 34 34 
1524,13:36:11.684,0x8D03A25,ch1,接收,0x0100,数据帧,标准帧,0x08,x| 41 64 53 75 47 43 57 6F 
1525,13:36:11.684,0x8D03A28,ch1,接收,0x0100,数据帧,标准帧,0x08,x| 57 32 74 39 4A 7A 43 64 
1526,13:36:11.684,0x8D03A2B,ch1,接收,0x0100,数据帧,标准帧,0x08,x| 75 76 72 66 37 58 5A 39 
1527,13:36:11.684,0x8D03A2E,ch1,接收,0x0100,数据帧,标准帧,0x08,x| 6A 4B 75 72 71 37 62 66 
1528,13:36:11.684,0x8D03A30,ch1,接收,0x0100,数据帧,标准帧,0x08,x| 37 7A 73 39 66 44 4A 44 
1529,13:36:11.684,0x8D03A34,ch1,接收,0x0100,数据帧,标准帧,0x08,x| 75 69 59 48 57 38 6D 4B 
1530,13:36:11.684,0x8D03A36,ch1,接收,0x0100,数据帧,标准帧,0x08,x| 79 79 64 35 0A 49 62 70 
1531,13:36:11.684,0x8D03A39,ch1,接收,0x0100,数据帧,标准帧,0x08,x| 64 58 56 32 64 48 51 63 
1532,13:36:11.684,0x8D03A3C,ch1,接收,0x0100,数据帧,标准帧,0x08,x| 37 54 64 4D 48 4F 73 69 
1533,13:36:11.684,0x8D03A3F,ch1,接收,0x0100,数据帧,标准帧,0x08,x| 5A 63 6D 46 55 78 52 33 
1534,13:36:11.684,0x8D03A41,ch1,接收,0x0100,数据帧,标准帧,0x08,x| 73 53 4F 35 59 47 41 6A 
1535,13:36:11.684,0x8D03A44,ch1,接收,0x0100,数据帧,标准帧,0x08,x| 51 31 69 63 66 70 6A 46 
1536,13:36:11.684,0x8D03A47,ch1,接收,0x0100,数据帧,标准帧,0x08,x| 38 6B 74 76 61 79 52 63 
1537,13:36:11.684,0x8D03A4A,ch1,接收,0x0100,数据帧,标准帧,0x08,x| 78 57 4B 2B 43 45 45 37 
1538,13:36:11.684,0x8D03A4C,ch1,接收,0x0100,数据帧,标准帧,0x08,x| 53 43 51 66 78 64 44 71 
1539,13:36:11.684,0x8D03A4F,ch1,接收,0x0100,数据帧,标准帧,0x08,x| 37 76 48 76 77 56 4F 6B 
1540,13:36:11.684,0x8D03A52,ch1,接收,0x0100,数据帧,标准帧,0x08,x| 7A 0A 4A 79 4D 61 54 37 
1541,13:36:11.684,0x8D03A55,ch1,接收,0x0100,数据帧,标准帧,0x08,x| 75 42 52 58 4E 50 49 4B 
1542,13:36:11.684,0x8D03A57,ch1,接收,0x0100,数据帧,标准帧,0x08,x| 73 4F 2B 32 4C 79 67 4C 
1543,13:36:11.684,0x8D03A5A,ch1,接收,0x0100,数据帧,标准帧,0x08,x| 61 55 69 52 48 33 33 66 
1544,13:36:11.684,0x8D03A5D,ch1,接收,0x0100,数据帧,标准帧,0x08,x| 76 39 2F 67 77 6D 77 61 
1545,13:36:11.684,0x8D03A60,ch1,接收,0x0100,数据帧,标准帧,0x08,x| 4D 46 6C 32 6E 36 6E 71 
1546,13:36:11.684,0x8D03A63,ch1,接收,0x0100,数据帧,标准帧,0x08,x| 54 57 67 77 71 74 6E 52 
1547,13:36:11.684,0x8D03A65,ch1,接收,0x0100,数据帧,标准帧,0x08,x| 39 39 52 68 6D 66 35 39 
1548,13:36:11.684,0x8D03A68,ch1,接收,0x0100,数据帧,标准帧,0x08,x| 4E 75 4C 43 61 41 56 59 
1549,13:36:11.684,0x8D03A6B,ch1,接收,0x0100,数据帧,标准帧,0x08,x| 2F 6A 4D 36 6D 76 0A 50 
1550,13:36:11.684,0x8D03A6E,ch1,接收,0x0100,数据帧,标准帧,0x08,x| 70 4F 76 6C 64 35 53 64 
1551,13:36:11.684,0x8D03A71,ch1,接收,0x0100,数据帧,标准帧,0x08,x| 37 58 41 49 37 70 71 73 
1552,13:36:11.684,0x8D03A73,ch1,接收,0x0100,数据帧,标准帧,0x08,x| 55 51 38 56 30 4A 44 31 
1553,13:36:11.684,0x8D03A76,ch1,接收,0x0100,数据帧,标准帧,0x08,x| 79 51 7A 74 43 4F 63 44 
1554,13:36:11.684,0x8D03A79,ch1,接收,0x0100,数据帧,标准帧,0x08,x| 46 42 58 79 55 63 75 4B 
1555,13:36:11.684,0x8D03A7C,ch1,接收,0x0100,数据帧,标准帧,0x08,x| 6C 50 50 78 43 2F 5A 48 
1556,13:36:11.684,0x8D03A7F,ch1,接收,0x0100,数据帧,标准帧,0x08,x| 78 33 76 72 66 36 34 55 
1557,13:36:11.684,0x8D03A81,ch1,接收,0x0100,数据帧,标准帧,0x08,x| 4B 38 46 49 2B 35 4D 5A 
1558,13:36:11.684,0x8D03A84,ch1,接收,0x0100,数据帧,标准帧,0x08,x| 68 4A 4E 59 33 6F 79 6D 
1559,13:36:11.684,0x8D03A87,ch1,接收,0x0100,数据帧,标准帧,0x08,x| 75 4E 76 0A 74 39 76 32 
1560,13:36:11.684,0x8D03A8A,ch1,接收,0x0100,数据帧,标准帧,0x08,x| 38 76 4A 79 74 75 74 66 
1561,13:36:11.684,0x8D03A8D,ch1,接收,0x0100,数据帧,标准帧,0x08,x| 69 53 59 65 62 79 2F 62 
1562,13:36:11.684,0x8D03A8F,ch1,接收,0x0100,数据帧,标准帧,0x08,x| 77 47 53 47 46 72 69 71 
1563,13:36:11.684,0x8D03A92,ch1,接收,0x0100,数据帧,标准帧,0x08,x| 59 2F 68 49 65 34 32 35 
1564,13:36:11.684,0x8D03A95,ch1,接收,0x0100,数据帧,标准帧,0x08,x| 32 57 7A 61 4E 4A 32 4F 
1565,13:36:11.684,0x8D03A98,ch1,接收,0x0100,数据帧,标准帧,0x08,x| 71 36 63 63 2B 79 54 33 
1566,13:36:11.684,0x8D03A9B,ch1,接收,0x0100,数据帧,标准帧,0x08,x| 65 50 78 2B 35 4B 72 6B 
1567,13:36:11.684,0x8D03A9D,ch1,接收,0x0100,数据帧,标准帧,0x08,x| 52 52 4E 71 79 51 4A 33 
1568,13:36:11.684,0x8D03AA0,ch1,接收,0x0100,数据帧,标准帧,0x08,x| 64 79 68 70 4C 58 6C 6B 
1569,13:36:11.684,0x8D03AA3,ch1,接收,0x0100,数据帧,标准帧,0x08,x| 0A 37 4D 62 2F 79 5A 61 
1570,13:36:11.684,0x8D03AA6,ch1,接收,0x0100,数据帧,标准帧,0x08,x| 70 58 42 4C 66 73 70 37 
1571,13:36:11.684,0x8D03AA8,ch1,接收,0x0100,数据帧,标准帧,0x08,x| 62 74 62 54 41 34 6D 4F 
1572,13:36:11.684,0x8D03AAB,ch1,接收,0x0100,数据帧,标准帧,0x08,x| 6B 66 72 7A 50 55 61 6E 
1573,13:36:11.684,0x8D03AAE,ch1,接收,0x0100,数据帧,标准帧,0x08,x| 75 4A 35 39 4B 66 46 4D 
1574,13:36:11.684,0x8D03AB1,ch1,接收,0x0100,数据帧,标准帧,0x08,x| 63 34 37 41 79 6E 76 5A 
1575,13:36:11.684,0x8D03AB4,ch1,接收,0x0100,数据帧,标准帧,0x08,x| 34 53 59 6C 58 6A 53 48 
1576,13:36:11.684,0x8D03AB6,ch1,接收,0x0100,数据帧,标准帧,0x06,x| 64 45 72 39 6B 75 
1577,13:36:11.713,0x8D03B31,ch1,接收,0x0100,数据帧,标准帧,0x08,x| 42 2B 35 44 66 4C 36 6B 
1578,13:36:11.713,0x8D03B33,ch1,接收,0x0100,数据帧,标准帧,0x08,x| 6C 4D 2B 4E 46 45 6C 6A 
1579,13:36:11.713,0x8D03B34,ch1,接收,0x0100,数据帧,标准帧,0x08,x| 66 32 36 6B 72 69 53 41 
1580,13:36:11.713,0x8D03B36,ch1,接收,0x0100,数据帧,标准帧,0x08,x| 64 6F 30 50 55 6A 41 0A 
1581,13:36:11.713,0x8D03B37,ch1,接收,0x0100,数据帧,标准帧,0x08,x| 68 31 54 55 42 33 58 4F 
1582,13:36:11.713,0x8D03B39,ch1,接收,0x0100,数据帧,标准帧,0x08,x| 35 63 6B 54 6D 30 36 58 
1583,13:36:11.713,0x8D03B3A,ch1,接收,0x0100,数据帧,标准帧,0x08,x| 35 41 39 6B 78 37 69 54 
1584,13:36:11.713,0x8D03B3C,ch1,接收,0x0100,数据帧,标准帧,0x08,x| 58 67 38 4F 43 47 66 5A 
1585,13:36:11.713,0x8D03B3E,ch1,接收,0x0100,数据帧,标准帧,0x08,x| 49 6C 31 37 65 58 6E 70 
1586,13:36:11.713,0x8D03B3F,ch1,接收,0x0100,数据帧,标准帧,0x08,x| 78 30 46 79 74 7A 41 58 
1587,13:36:11.713,0x8D03B41,ch1,接收,0x0100,数据帧,标准帧,0x08,x| 55 44 55 65 64 55 51 79 
1588,13:36:11.713,0x8D03B43,ch1,接收,0x0100,数据帧,标准帧,0x08,x| 7A 59 6D 35 35 46 6E 36 
1589,13:36:11.713,0x8D03B46,ch1,接收,0x0100,数据帧,标准帧,0x08,x| 72 6F 64 77 57 4E 77 66 
1590,13:36:11.713,0x8D03B49,ch1,接收,0x0100,数据帧,标准帧,0x08,x| 73 56 54 2B 0A 56 7A 69 
1591,13:36:11.713,0x8D03B4C,ch1,接收,0x0100,数据帧,标准帧,0x08,x| 6C 42 41 4C 74 65 62 57 
1592,13:36:11.713,0x8D03B4E,ch1,接收,0x0100,数据帧,标准帧,0x08,x| 41 34 48 49 68 6D 71 66 
1593,13:36:11.713,0x8D03B51,ch1,接收,0x0100,数据帧,标准帧,0x08,x| 46 63 56 31 54 38 6C 36 
1594,13:36:11.713,0x8D03B54,ch1,接收,0x0100,数据帧,标准帧,0x08,x| 36 79 6A 6D 4A 50 6B 70 
1595,13:36:11.713,0x8D03B57,ch1,接收,0x0100,数据帧,标准帧,0x08,x| 75 6B 69 35 4B 35 4E 49 
1596,13:36:11.713,0x8D03B5A,ch1,接收,0x0100,数据帧,标准帧,0x08,x| 6D 36 37 66 36 5A 49 7A 
1597,13:36:11.713,0x8D03B5C,ch1,接收,0x0100,数据帧,标准帧,0x08,x| 76 69 55 67 39 6F 4D 4A 
1598,13:36:11.713,0x8D03B5F,ch1,接收,0x0100,数据帧,标准帧,0x08,x| 59 51 66 61 63 4E 46 61 
1599,13:36:11.713,0x8D03B62,ch1,接收,0x0100,数据帧,标准帧,0x08,x| 66 36 73 50 70 6B 78 62 
1600,13:36:11.713,0x8D03B65,ch1,接收,0x0100,数据帧,标准帧,0x08,x| 5A 0A 53 63 2F 56 61 6E 
1601,13:36:11.713,0x8D03B68,ch1,接收,0x0100,数据帧,标准帧,0x08,x| 58 32 2B 67 34 75 7A 49 
1602,13:36:11.713,0x8D03B6A,ch1,接收,0x0100,数据帧,标准帧,0x08,x| 76 66 6B 6B 6D 64 56 72 
1603,13:36:11.713,0x8D03B6D,ch1,接收,0x0100,数据帧,标准帧,0x08,x| 46 65 72 2F 74 44 64 4A 
1604,13:36:11.713,0x8D03B70,ch1,接收,0x0100,数据帧,标准帧,0x08,x| 51 2F 74 33 75 6B 71 79 
1605,13:36:11.713,0x8D03B73,ch1,接收,0x0100,数据帧,标准帧,0x08,x| 66 73 70 2B 6E 37 67 7A 
1606,13:36:11.713,0x8D03B76,ch1,接收,0x0100,数据帧,标准帧,0x08,x| 38 36 58 55 62 30 38 78 
1607,13:36:11.713,0x8D03B78,ch1,接收,0x0100,数据帧,标准帧,0x08,x| 68 5A 69 57 2F 35 4C 65 
1608,13:36:11.713,0x8D03B7B,ch1,接收,0x0100,数据帧,标准帧,0x08,x| 6F 4A 58 31 50 67 62 58 
1609,13:36:11.713,0x8D03B7E,ch1,接收,0x0100,数据帧,标准帧,0x07,x| 31 42 68 6F 6C 74 0A 
